timestamp,function,model,minute,requests_sent,success,errors,success_rate,avg_latency_ms,p50_latency_ms,p95_latency_ms,p99_latency_ms,max_latency_ms,pods,cpu_millicores,mem_mib,cold_start
2025-12-09T13:47:54+00:00,func_235,prophet,1,50,50,0,100.0,118.96292209625244,99.43032264709473,127.25411653518674,558.695592880249,559.5970153808594,4,12.493407000000001,355.05859375,1
2025-12-09T13:47:57+00:00,func_235,prophet,2,50,50,0,100.0,119.9744462966919,97.60487079620361,113.65121603012084,653.6832427978495,1160.6018543243408,3,6.108246,113.44140625,0
2025-12-09T13:48:01+00:00,func_235,prophet,3,0,0,0,0.0,0.0,0.0,0.0,0.0,0.0,3,6.088844,113.44140625,0
2025-12-09T13:48:01+00:00,func_235,prophet,4,50,50,0,100.0,98.14038276672363,96.2371826171875,116.63596630096434,130.48625230789185,133.24928283691406,2,6.108246,113.44140625,0
2025-12-09T13:48:03+00:00,func_235,prophet,5,50,50,0,100.0,140.33236980438232,99.00271892547607,225.27871131896967,729.6787810325604,1165.5430793762207,2,6.108246,113.44140625,0
2025-12-09T13:48:07+00:00,func_235,prophet,6,50,50,0,100.0,135.90828895568848,94.93863582611084,104.95907068252563,1115.5234026908875,1116.5838241577148,2,6.108246,113.44140625,0
2025-12-09T13:48:11+00:00,func_235,prophet,7,2,2,0,100.0,101.33051872253418,101.33051872253418,103.57906818389893,103.77893924713135,103.82890701293945,2,6.108246,113.44140625,0
2025-12-09T13:48:11+00:00,func_235,prophet,8,22,22,0,100.0,100.05869648673318,99.81048107147217,111.73814535140991,113.13702344894409,113.4641170501709,2,6.108246,113.44140625,0
2025-12-09T13:48:12+00:00,func_235,prophet,9,50,50,0,100.0,118.5087776184082,97.97263145446777,109.99006032943726,645.8354449272135,1156.4860343933105,2,6.108246,113.44140625,0
2025-12-09T13:48:15+00:00,func_235,prophet,10,13,13,0,100.0,106.46209349999062,101.31478309631348,134.66429710388178,150.5275249481201,154.4933319091797,2,6.108246,113.44140625,0
2025-12-09T13:48:16+00:00,func_235,prophet,11,0,0,0,0.0,0.0,0.0,0.0,0.0,0.0,2,6.088844,113.44140625,0
2025-12-09T13:48:16+00:00,func_235,prophet,12,1,1,0,100.0,95.77679634094238,95.77679634094238,95.77679634094238,95.77679634094238,95.77679634094238,2,6.108246,113.44140625,0
2025-12-09T13:48:17+00:00,func_235,prophet,13,8,8,0,100.0,98.43584895133972,99.08223152160645,104.87439632415771,105.56560039520264,105.73840141296387,2,6.088844,113.44140625,0
2025-12-09T13:48:17+00:00,func_235,prophet,14,50,50,0,100.0,137.83763885498047,97.39232063293457,357.7289819717395,840.7430219650257,1105.7820320129395,2,6.088844,113.44140625,0
2025-12-09T13:48:21+00:00,func_235,prophet,15,50,50,0,100.0,105.98198890686035,102.27501392364502,130.4776906967163,137.78900384902954,138.1683349609375,2,6.088844,113.44140625,0
2025-12-09T13:48:24+00:00,func_235,prophet,16,50,50,0,100.0,151.6701078414917,109.4444990158081,267.29404926300043,732.9627275466901,1173.2006072998047,2,6.088844,113.44140625,0
2025-12-09T13:48:28+00:00,func_235,prophet,17,50,50,0,100.0,98.57431888580322,99.12705421447754,107.55090713500977,113.49847078323363,115.50307273864746,2,6.108246,113.44140625,0
2025-12-09T13:48:30+00:00,func_235,prophet,18,11,11,0,100.0,649.1592797366055,102.15449333190918,3113.5098934173584,3115.0052547454834,3115.3790950775146,2,6.088844,113.44140625,0
2025-12-09T13:48:34+00:00,func_235,prophet,19,21,21,0,100.0,154.2051633199056,142.378568649292,317.13223457336426,322.8092670440674,324.22852516174316,2,6.088844,113.44140625,0
2025-12-09T13:48:36+00:00,func_235,prophet,20,6,6,0,100.0,283.4095557530721,107.77842998504639,900.3934860229492,1108.4848403930666,1160.5076789855957,2,6.108246,113.44140625,0
2025-12-09T13:48:37+00:00,func_235,prophet,21,27,27,0,100.0,112.93026253029153,110.32223701477051,145.30885219573975,153.90944957733154,155.58767318725586,2,6.088844,113.44140625,0
2025-12-09T13:48:39+00:00,func_235,prophet,22,50,50,0,100.0,115.84312438964844,113.9681339263916,141.64551496505734,162.34393596649167,172.03831672668457,2,6.108246,113.44140625,0
2025-12-09T13:48:42+00:00,func_235,prophet,23,50,50,0,100.0,201.16811275482178,118.32201480865479,840.8559203147887,1252.774088382721,1260.284423828125,2,6.108246,113.44140625,0
2025-12-09T13:48:48+00:00,func_235,prophet,24,0,0,0,0.0,0.0,0.0,0.0,0.0,0.0,2,6.088844,113.44140625,0
2025-12-09T13:48:48+00:00,func_235,prophet,25,34,34,0,100.0,101.38297782224767,98.63507747650146,114.54465389251708,121.79187059402467,124.19462203979492,2,6.088844,113.44140625,0
2025-12-09T13:48:50+00:00,func_235,prophet,26,47,47,0,100.0,98.99764365338265,97.24068641662598,115.24705886840819,117.81313419342041,118.90602111816406,2,6.108246,113.44140625,0
2025-12-09T13:48:52+00:00,func_235,prophet,27,24,24,0,100.0,103.26091448465984,100.27706623077393,127.46843099594113,137.5119185447693,139.84394073486328,2,6.088844,113.44140625,0
2025-12-09T13:48:53+00:00,func_235,prophet,28,50,50,0,100.0,147.16665744781494,100.88789463043213,388.5290980339039,893.9478611946096,1138.6215686798096,2,283.356571,232.68359375,0
2025-12-09T13:48:57+00:00,func_235,prophet,29,50,50,0,100.0,124.73688125610352,101.37462615966797,133.90481472015378,650.4008316993693,1137.331485748291,2,283.35657100000003,232.68359375,0
2025-12-09T13:49:01+00:00,func_235,prophet,30,50,28,22,56.00000000000001,108.51366179330009,101.20618343353271,139.5116686820984,153.7495231628418,157.9909324645996,2,138.664618,229.78515625,0
2025-12-09T13:49:59+00:00,func_235,prophet,31,49,49,0,100.0,99.96579617870097,97.49674797058105,122.44629859924314,137.74090766906733,145.87044715881348,2,158.12453499999998,229.78515625,0
2025-12-09T13:50:02+00:00,func_235,prophet,32,50,50,0,100.0,152.51396656036377,104.62701320648193,265.2127981185912,873.8602232933033,1142.2884464263916,2,158.12453499999998,229.78515625,0
2025-12-09T13:50:07+00:00,func_235,prophet,33,50,50,0,100.0,115.87536334991455,111.21177673339844,154.06466722488403,156.18891954421997,157.75799751281738,3,158.12453499999998,229.78515625,1
2025-12-09T13:50:10+00:00,func_235,prophet,34,0,0,0,0.0,0.0,0.0,0.0,0.0,0.0,3,138.664618,229.78515625,0
2025-12-09T13:50:10+00:00,func_235,prophet,35,21,21,0,100.0,116.304045631772,112.44034767150879,145.06101608276367,151.44414901733398,153.03993225097656,3,158.12453499999998,229.78515625,0
2025-12-09T13:50:11+00:00,func_235,prophet,36,50,49,1,98.0,100.73055053243831,99.10202026367188,119.75588798522946,126.70028686523436,128.2482147216797,3,158.12453499999998,229.78515625,0
2025-12-09T13:50:19+00:00,func_235,prophet,37,17,17,0,100.0,130.57353917290183,112.44678497314453,220.5257892608642,260.92358589172363,271.0230350494385,4,158.12453499999998,229.78515625,1
2025-12-09T13:50:20+00:00,func_235,prophet,38,50,50,0,100.0,114.45910930633545,110.43596267700195,147.99798727035522,161.95392847061154,170.76849937438965,4,158.12453499999998,229.78515625,0
2025-12-09T13:50:24+00:00,func_235,prophet,39,50,50,0,100.0,102.30133533477783,99.45261478424072,119.02767419815063,126.84114933013913,133.06021690368652,4,138.664618,229.78515625,0
2025-12-09T13:50:27+00:00,func_235,prophet,40,50,50,0,100.0,129.03915405273438,98.46889972686768,133.0243229866027,830.5824255943287,1097.9564189910889,3,58.951004,116.296875,0
2025-12-09T13:50:30+00:00,func_235,prophet,41,21,21,0,100.0,111.85493923368908,109.24625396728516,142.16899871826172,147.32608795166016,148.61536026000977,3,58.951004,116.296875,0
2025-12-09T13:50:31+00:00,func_235,prophet,42,50,49,1,98.0,149.41674349259358,145.71857452392578,223.50373268127439,229.207649230957,232.0575714111328,3,58.951004,116.296875,0
2025-12-09T13:50:40+00:00,func_235,prophet,43,50,50,0,100.0,155.5331516265869,100.66354274749756,190.41918516159052,1139.821527004242,1144.2782878875732,3,78.41092099999999,116.296875,0
2025-12-09T13:50:44+00:00,func_235,prophet,44,50,50,0,100.0,108.3256196975708,102.29766368865967,156.85108900070185,171.84017181396482,176.72252655029297,3,58.951004,116.296875,0
2025-12-09T13:50:47+00:00,func_235,prophet,45,50,50,0,100.0,105.31152725219727,101.15528106689453,123.83402585983275,143.81893634796137,157.5148105621338,3,58.951004,116.296875,0
2025-12-09T13:50:50+00:00,func_235,prophet,46,50,50,0,100.0,97.84714698791504,96.97473049163818,113.09397220611571,121.92794322967528,124.92871284484863,4,58.951004,116.296875,1
2025-12-09T13:50:52+00:00,func_235,prophet,47,50,50,0,100.0,156.2187147140503,99.16162490844727,558.0976486206055,1024.3312525749207,1024.566888809204,4,409.354221,345.23046875,0
2025-12-09T13:50:56+00:00,func_235,prophet,48,50,50,0,100.0,103.92746448516846,103.74784469604492,111.72622442245483,124.90066289901729,134.9925994873047,4,427.799058,345.23046875,0
2025-12-09T13:51:03+00:00,func_235,prophet,49,50,50,0,100.0,148.70867252349854,102.72681713104248,341.9441223144521,1028.9398360252371,1232.9394817352295,4,409.354221,345.23046875,0
2025-12-09T13:51:07+00:00,func_235,prophet,50,50,29,21,57.99999999999999,137.64934704221528,101.61900520324707,116.59355163574219,841.4906311035145,1123.098611831665,4,214.47089100000002,341.03125,0
2025-12-09T13:52:04+00:00,func_235,prophet,51,50,50,0,100.0,154.76961612701416,98.14906120300293,352.88345813751215,1236.8656277656555,1247.204065322876,4,214.47089100000002,341.03125,0
2025-12-09T13:52:08+00:00,func_235,prophet,52,50,50,0,100.0,107.62756824493408,97.85950183868408,113.79333734512325,360.44012784957886,361.0706329345703,4,214.47089100000002,341.03125,0
2025-12-09T13:52:11+00:00,func_235,prophet,53,50,50,0,100.0,96.00464344024658,94.40839290618896,106.12368583679199,115.20205497741698,120.11384963989258,4,214.47089100000002,341.03125,0
2025-12-09T13:52:14+00:00,func_235,prophet,54,50,50,0,100.0,95.5506944656372,94.81751918792725,104.85802888870239,111.83220148086548,113.17276954650879,4,214.47089100000002,341.03125,0
2025-12-09T13:52:16+00:00,func_235,prophet,55,50,50,0,100.0,142.42749691009521,93.69122982025146,405.7090044021595,909.9936819076529,1127.6054382324219,4,214.47089100000002,341.03125,0
2025-12-09T13:52:20+00:00,func_235,prophet,56,50,50,0,100.0,120.85946083068848,96.5052843093872,149.02753829956035,671.1046934127789,1127.2611618041992,4,214.47089100000002,341.03125,0
2025-12-09T13:52:23+00:00,func_235,prophet,57,50,50,0,100.0,117.83134460449219,95.28708457946777,115.67065715789794,645.1090574264506,1143.5959339141846,4,214.47089100000002,341.03125,0
2025-12-09T13:52:27+00:00,func_235,prophet,58,50,50,0,100.0,136.5936279296875,95.24738788604736,123.11671972274777,1102.2758483886719,1113.9817237854004,4,214.47089100000002,341.03125,0
2025-12-09T13:52:30+00:00,func_235,prophet,59,50,50,0,100.0,96.85981750488281,96.68946266174316,105.01575469970703,111.25738143920897,114.74204063415527,4,214.47089100000002,341.03125,0
2025-12-09T13:52:33+00:00,func_235,prophet,60,50,50,0,100.0,109.21415328979492,101.07290744781494,137.957227230072,182.14102983474723,201.6315460205078,4,214.47089100000002,341.03125,0
2025-12-09T13:52:36+00:00,func_235,prophet,61,50,50,0,100.0,103.61157894134521,97.82767295837402,122.48333692550656,208.0910038948059,208.9371681213379,2,64.302521,114.09375,0
2025-12-09T13:52:38+00:00,func_235,prophet,62,50,48,2,96.0,109.67778166135152,100.55923461914062,164.15851116180414,188.2135367393494,196.94757461547852,2,64.302521,114.09375,0
2025-12-09T13:52:46+00:00,func_235,prophet,63,50,50,0,100.0,98.14110279083252,98.29199314117432,111.75831556320189,123.4144353866577,127.4409294128418,2,64.302521,114.09375,0
2025-12-09T13:52:49+00:00,func_235,prophet,64,50,50,0,100.0,99.24824237823486,96.56763076782227,118.24005842208862,129.71879482269284,137.97903060913086,2,64.302521,114.09375,0
2025-12-09T13:52:52+00:00,func_235,prophet,65,50,50,0,100.0,148.32151889801025,105.18670082092285,138.80759477615354,1131.5521168708801,1147.8734016418457,2,64.302521,114.09375,0
2025-12-09T13:52:56+00:00,func_235,prophet,66,50,50,0,100.0,125.27174472808838,123.53968620300293,157.65001773834223,172.5947880744934,175.88353157043457,2,316.618136,233.97265625,0
2025-12-09T13:52:59+00:00,func_235,prophet,67,50,50,0,100.0,119.90617275238037,104.08949851989746,193.50904226303095,215.7417750358581,229.4931411743164,2,316.618136,233.97265625,0
2025-12-09T13:53:02+00:00,func_235,prophet,68,50,48,2,96.0,107.29505121707916,99.16830062866211,131.02675676345822,235.5953478813172,255.64980506896973,2,316.618136,233.97265625,0
2025-12-09T13:53:10+00:00,func_235,prophet,69,50,36,14,72.0,98.94519382052951,97.75114059448242,113.66713047027588,122.18732833862303,124.2361068725586,1,202.452616,115.96875,0
2025-12-09T13:53:48+00:00,func_235,prophet,70,50,42,8,84.0,109.85423837389264,106.2936782836914,131.76825046539307,134.59277153015137,135.2379322052002,1,70.84829300000001,119.8046875,0
2025-12-09T13:54:11+00:00,func_235,prophet,71,50,50,0,100.0,97.65545845031738,96.85170650482178,110.36056280136108,117.57304191589354,122.64418601989746,1,70.84829300000001,119.8046875,0
2025-12-09T13:54:13+00:00,func_235,prophet,72,50,50,0,100.0,95.87283134460449,94.50232982635498,114.2265796661377,116.3370680809021,117.34795570373535,1,70.84829300000001,119.8046875,0
2025-12-09T13:54:16+00:00,func_235,prophet,73,50,50,0,100.0,166.20856761932373,112.24973201751709,253.3624172210693,1143.1286692619324,1152.7509689331055,1,70.84829300000001,119.8046875,0
2025-12-09T13:54:20+00:00,func_235,prophet,74,50,50,0,100.0,100.4020643234253,97.25141525268555,124.29147958755492,136.70515775680542,139.6198272705078,1,70.84829300000001,119.8046875,0
2025-12-09T13:54:23+00:00,func_235,prophet,75,50,50,0,100.0,96.42850399017334,95.93462944030762,106.45657777786253,113.01813364028929,115.71574211120605,1,70.84829300000001,119.8046875,0
2025-12-09T13:54:25+00:00,func_235,prophet,76,50,50,0,100.0,124.43919658660889,101.90749168395996,139.95372056961057,583.0760502815247,596.3907241821289,1,70.84829300000001,119.8046875,0
2025-12-09T13:54:29+00:00,func_235,prophet,77,50,50,0,100.0,110.63497066497803,106.57799243927002,151.38709545135498,180.9673953056335,191.93458557128906,1,70.84829300000001,119.8046875,0
2025-12-09T13:54:32+00:00,func_235,prophet,78,50,50,0,100.0,106.23997211456299,104.8271656036377,127.25533246994019,136.26367807388303,142.72165298461914,1,70.84829300000001,119.8046875,0
2025-12-09T13:54:34+00:00,func_235,prophet,79,50,49,1,98.0,170.1303939430081,103.79981994628906,134.49120521545407,1774.7220039367553,3251.473903656006,1,70.84829300000001,119.8046875,0
2025-12-09T13:54:42+00:00,func_235,prophet,80,50,50,0,100.0,98.34428787231445,96.83048725128174,112.97881603240967,117.67886638641356,120.70393562316895,1,70.84829300000001,119.8046875,0
2025-12-09T13:54:45+00:00,func_235,prophet,81,50,50,0,100.0,114.32804584503174,100.26514530181885,158.3182454109192,182.9142785072326,195.62005996704102,1,70.84829300000001,119.8046875,0
2025-12-09T13:54:48+00:00,func_235,prophet,82,50,50,0,100.0,98.61386299133301,96.95649147033691,110.98827123641966,126.42932415008542,132.70306587219238,1,70.84829300000001,119.8046875,0
2025-12-09T13:54:50+00:00,func_235,prophet,83,50,50,0,100.0,134.06426906585693,96.48823738098145,165.18001556396467,937.3475956916802,1107.9738140106201,1,70.84829300000001,119.8046875,0
2025-12-09T13:54:54+00:00,func_235,prophet,84,50,47,3,94.0,95.88463255699645,95.09158134460449,103.84304523468018,120.02386569976805,126.91974639892578,2,173.014749,120.859375,1
2025-12-09T13:55:06+00:00,func_235,prophet,85,26,26,0,100.0,126.80919353778546,107.17225074768066,206.5598964691162,246.49637937545776,259.5083713531494,2,173.014749,120.859375,0
2025-12-09T13:55:08+00:00,func_235,prophet,86,50,50,0,100.0,103.62864971160889,102.01883316040039,114.31742906570433,121.03027820587157,123.69132041931152,2,173.014749,120.859375,0
2025-12-09T13:55:11+00:00,func_235,prophet,87,0,0,0,0.0,0.0,0.0,0.0,0.0,0.0,2,173.014749,120.859375,0
2025-12-09T13:55:11+00:00,func_235,prophet,88,50,50,0,100.0,114.48232173919678,108.80351066589355,143.3197498321533,182.90058135986314,215.3036594390869,2,173.014749,120.859375,0
2025-12-09T13:55:14+00:00,func_235,prophet,89,25,24,1,96.0,143.72190833091736,101.08804702758789,111.40404939651489,904.2909049987788,1141.005277633667,2,173.014749,120.859375,0
2025-12-09T13:55:20+00:00,func_235,prophet,90,50,45,5,90.0,96.4336183336046,95.06893157958984,106.5399169921875,120.49886703491217,129.99773025512695,2,173.014749,120.859375,0
2025-12-09T13:55:36+00:00,func_235,prophet,91,50,38,12,76.0,104.38129776402523,100.04615783691406,125.75917243957515,150.09721994400024,150.26473999023438,3,166.38666700000002,238.91015625,1
2025-12-09T13:56:12+00:00,func_235,prophet,92,1,1,0,100.0,97.23377227783203,97.23377227783203,97.23377227783203,97.23377227783203,97.23377227783203,3,166.38666700000002,238.91015625,0
2025-12-09T13:56:13+00:00,func_235,prophet,93,50,50,0,100.0,96.99999809265137,96.87304496765137,102.58073806762695,106.5030264854431,109.27844047546387,3,166.386667,238.91015625,0
2025-12-09T13:56:15+00:00,func_235,prophet,94,50,50,0,100.0,120.21324634552002,95.7646369934082,111.71262264251709,700.860648155212,812.8447532653809,3,89.535934,120.859375,0
2025-12-09T13:56:19+00:00,func_235,prophet,95,50,49,1,98.0,164.15730787783252,99.20883178710938,117.5779342651367,1744.4232177734252,3237.9446029663086,3,89.535934,120.859375,0
2025-12-09T13:56:25+00:00,func_235,prophet,96,50,50,0,100.0,96.24040126800537,96.93789482116699,105.39835691452026,106.90840482711792,107.00011253356934,3,89.535934,120.859375,0
2025-12-09T13:56:28+00:00,func_235,prophet,97,35,35,0,100.0,138.6505195072719,106.86850547790527,297.70028591156006,332.8180217742918,350.40903091430664,3,89.535934,120.859375,0
2025-12-09T13:56:31+00:00,func_235,prophet,98,34,34,0,100.0,100.75743759379668,100.03244876861572,115.53012132644652,123.12151193618776,125.27847290039062,3,89.535934,120.859375,0
2025-12-09T13:56:33+00:00,func_235,prophet,99,50,50,0,100.0,98.10335159301758,98.12211990356445,105.4403305053711,113.9752960205078,117.30527877807617,3,89.535934,120.859375,0
2025-12-09T13:56:35+00:00,func_235,prophet,100,50,50,0,100.0,101.19024276733398,98.44136238098145,113.66273164749143,178.7389826774597,186.48600578308105,3,89.535934,120.859375,0
2025-12-09T13:56:38+00:00,func_235,prophet,101,7,7,0,100.0,101.07663699558803,101.20058059692383,105.26323318481445,105.6574821472168,105.75604438781738,3,89.535934,120.859375,0
2025-12-09T13:56:39+00:00,func_235,prophet,102,0,0,0,0.0,0.0,0.0,0.0,0.0,0.0,3,89.535934,120.859375,0
2025-12-09T13:56:39+00:00,func_235,prophet,103,0,0,0,0.0,0.0,0.0,0.0,0.0,0.0,3,89.535934,120.859375,0
2025-12-09T13:56:39+00:00,func_235,prophet,104,0,0,0,0.0,0.0,0.0,0.0,0.0,0.0,3,89.535934,120.859375,0
2025-12-09T13:56:39+00:00,func_235,prophet,105,0,0,0,0.0,0.0,0.0,0.0,0.0,0.0,3,89.535934,120.859375,0
2025-12-09T13:56:39+00:00,func_235,prophet,106,0,0,0,0.0,0.0,0.0,0.0,0.0,0.0,3,89.535934,120.859375,0
2025-12-09T13:56:40+00:00,func_235,prophet,107,0,0,0,0.0,0.0,0.0,0.0,0.0,0.0,3,89.535934,120.859375,0
2025-12-09T13:56:40+00:00,func_235,prophet,108,0,0,0,0.0,0.0,0.0,0.0,0.0,0.0,3,89.535934,120.859375,0
2025-12-09T13:56:40+00:00,func_235,prophet,109,0,0,0,0.0,0.0,0.0,0.0,0.0,0.0,3,89.535934,120.859375,0
2025-12-09T13:56:40+00:00,func_235,prophet,110,0,0,0,0.0,0.0,0.0,0.0,0.0,0.0,3,89.535934,120.859375,0
2025-12-09T13:56:40+00:00,func_235,prophet,111,0,0,0,0.0,0.0,0.0,0.0,0.0,0.0,3,89.535934,120.859375,0
2025-12-09T13:56:41+00:00,func_235,prophet,112,28,28,0,100.0,137.31794697897774,98.1295108795166,107.89941549301147,873.8492202758794,1157.041311264038,3,89.535934,120.859375,0
2025-12-09T13:56:43+00:00,func_235,prophet,113,50,50,0,100.0,99.05219078063965,98.52290153503418,110.07839441299437,113.05715084075928,113.95740509033203,3,89.535934,120.859375,0
2025-12-09T13:56:45+00:00,func_235,prophet,114,50,49,1,98.0,94.70978561712771,94.46978569030762,102.51846313476562,105.89140892028807,107.71822929382324,3,89.535934,120.859375,0
2025-12-09T13:56:53+00:00,func_235,prophet,115,50,50,0,100.0,129.55076694488525,101.00603103637695,370.218813419342,477.7175545692443,486.60969734191895,4,392.26301,356.296875,1
2025-12-09T13:56:56+00:00,func_235,prophet,116,50,48,2,96.0,137.28764156500498,101.34077072143555,156.23059272766113,862.1523976325996,1125.5109310150146,5,392.26301,356.296875,1
2025-12-09T13:57:05+00:00,func_235,prophet,117,50,49,1,98.0,104.03270137553312,100.7375717163086,120.8699703216552,158.73384475707985,187.58440017700195,5,392.26301,356.296875,0
2025-12-09T13:57:12+00:00,func_235,prophet,118,39,39,0,100.0,162.9167397816976,107.73468017578125,314.38801288604844,1019.7984409332274,1030.3409099578857,5,392.26301,356.296875,0
2025-12-09T13:57:16+00:00,func_235,prophet,119,43,43,0,100.0,101.01018395534781,100.70109367370605,111.8513822555542,126.73487186431882,134.5505714416504,5,392.26301,356.296875,0
2025-12-09T13:57:18+00:00,func_235,prophet,120,50,50,0,100.0,102.40903854370117,101.69744491577148,112.94686794281006,117.98190355300902,121.57392501831055,5,392.26301,356.296875,0
2025-12-09T13:57:21+00:00,func_235,prophet,121,26,25,1,96.15384615384616,101.90967559814453,100.91066360473633,112.3281478881836,118.66136550903319,120.57876586914062,5,222.806891,238.16796875,0
2025-12-09T13:57:27+00:00,func_235,prophet,122,36,31,5,86.11111111111111,135.1449874139601,99.43842887878418,125.37968158721924,839.55430984497,1141.2749290466309,4,179.638021,117.29296875,0
2025-12-09T13:57:43+00:00,func_235,prophet,123,0,0,0,0.0,0.0,0.0,0.0,0.0,0.0,4,179.638021,117.29296875,0
2025-12-09T13:57:43+00:00,func_235,prophet,124,0,0,0,0.0,0.0,0.0,0.0,0.0,0.0,4,179.638021,117.29296875,0
2025-12-09T13:57:43+00:00,func_235,prophet,125,0,0,0,0.0,0.0,0.0,0.0,0.0,0.0,4,179.638021,117.29296875,0
2025-12-09T13:57:43+00:00,func_235,prophet,126,0,0,0,0.0,0.0,0.0,0.0,0.0,0.0,4,179.638021,117.29296875,0
2025-12-09T13:57:43+00:00,func_235,prophet,127,0,0,0,0.0,0.0,0.0,0.0,0.0,0.0,4,179.638021,117.29296875,0
2025-12-09T13:57:43+00:00,func_235,prophet,128,0,0,0,0.0,0.0,0.0,0.0,0.0,0.0,4,179.638021,117.29296875,0
2025-12-09T13:57:44+00:00,func_235,prophet,129,0,0,0,0.0,0.0,0.0,0.0,0.0,0.0,4,179.638021,117.29296875,0
2025-12-09T13:57:44+00:00,func_235,prophet,130,0,0,0,0.0,0.0,0.0,0.0,0.0,0.0,4,179.638021,117.29296875,0
2025-12-09T13:57:44+00:00,func_235,prophet,131,0,0,0,0.0,0.0,0.0,0.0,0.0,0.0,4,179.638021,117.29296875,0
2025-12-09T13:57:44+00:00,func_235,prophet,132,0,0,0,0.0,0.0,0.0,0.0,0.0,0.0,4,179.638021,117.29296875,0
2025-12-09T13:57:44+00:00,func_235,prophet,133,0,0,0,0.0,0.0,0.0,0.0,0.0,0.0,4,179.638021,117.29296875,0
2025-12-09T13:57:44+00:00,func_235,prophet,134,0,0,0,0.0,0.0,0.0,0.0,0.0,0.0,4,179.638021,117.29296875,0
2025-12-09T13:57:44+00:00,func_235,prophet,135,0,0,0,0.0,0.0,0.0,0.0,0.0,0.0,4,179.638021,117.29296875,0
2025-12-09T13:57:45+00:00,func_235,prophet,136,0,0,0,0.0,0.0,0.0,0.0,0.0,0.0,4,179.638021,117.29296875,0
2025-12-09T13:57:46+00:00,func_235,prophet,137,0,0,0,0.0,0.0,0.0,0.0,0.0,0.0,4,179.638021,117.29296875,0
2025-12-09T13:57:46+00:00,func_235,prophet,138,44,36,8,81.81818181818183,97.74856434928046,96.3585376739502,109.14599895477295,114.57600593566895,115.4942512512207,4,333.58355900000004,342.9609375,0
2025-12-09T13:58:09+00:00,func_235,prophet,139,25,25,0,100.0,105.34612655639648,104.07376289367676,124.30872917175292,131.09205245971677,133.04996490478516,4,333.58355900000004,342.9609375,0
2025-12-09T13:58:10+00:00,func_235,prophet,140,50,48,2,96.0,98.14934432506561,97.21517562866211,106.93650245666504,114.57968711853027,116.03283882141113,3,238.298629,230.53515625,0
2025-12-09T13:58:18+00:00,func_235,prophet,141,50,50,0,100.0,100.66043376922607,100.37267208099365,109.81119871139526,118.88900995254515,120.95856666564941,3,238.298629,230.53515625,0
2025-12-09T13:58:20+00:00,func_235,prophet,142,50,49,1,98.0,97.43462776651188,95.95942497253418,112.87035942077635,115.16390800476074,115.63277244567871,3,238.298629,230.53515625,0
2025-12-09T13:58:27+00:00,func_235,prophet,143,50,50,0,100.0,101.23452186584473,99.49707984924316,117.418372631073,120.16834259033203,121.17958068847656,4,238.298629,230.53515625,1
2025-12-09T13:58:30+00:00,func_235,prophet,144,42,42,0,100.0,98.54181039901007,95.0692892074585,113.87983560562134,122.42975234985352,122.90287017822266,4,238.298629,230.53515625,0
2025-12-09T13:58:32+00:00,func_235,prophet,145,50,50,0,100.0,98.73897552490234,95.24106979370117,122.75389432907103,143.01002264022827,143.6176300048828,4,238.298629,230.53515625,0
2025-12-09T13:58:35+00:00,func_235,prophet,146,50,50,0,100.0,96.9645881652832,96.37832641601562,105.9840440750122,118.6617040634155,125.75602531433105,3,138.212051,112.81640625,0
2025-12-09T13:58:38+00:00,func_235,prophet,147,16,16,0,100.0,765.2324587106705,100.15678405761719,3802.1310567855835,5176.854014396667,5520.5347537994385,3,138.212051,112.81640625,0
2025-12-09T13:58:46+00:00,func_235,prophet,148,50,50,0,100.0,104.40238952636719,96.65453433990479,128.98721694946286,255.24749279022203,290.54713249206543,3,138.212051,112.81640625,0
2025-12-09T13:58:49+00:00,func_235,prophet,149,50,48,2,96.0,113.74593277772267,97.68784046173096,128.8109302520752,462.3202919960024,563.4677410125732,2,276.47827,229.5390625,0
2025-12-09T13:58:57+00:00,func_235,prophet,150,50,50,0,100.0,97.46953010559082,97.41592407226562,103.01978588104248,114.06473636627193,124.38249588012695,2,276.47827,229.5390625,0
2025-12-09T13:59:00+00:00,func_235,prophet,151,28,26,2,92.85714285714286,99.91110288179837,100.92246532440186,111.71931028366089,115.24581909179688,116.34349822998047,2,276.47827,229.5390625,0
2025-12-09T13:59:06+00:00,func_235,prophet,152,35,35,0,100.0,100.57503836495536,95.05867958068848,133.15324783325173,190.95075130462646,192.00658798217773,2,276.47827,229.5390625,0
2025-12-09T13:59:08+00:00,func_235,prophet,153,33,33,0,100.0,109.31510636300752,100.0821590423584,115.21148681640624,300.3687763214111,385.79678535461426,2,276.47827,229.5390625,0
2025-12-09T13:59:10+00:00,func_235,prophet,154,50,48,2,96.0,98.6747294664383,98.27184677124023,109.00722742080688,116.75209999084473,119.73953247070312,2,276.47827,229.5390625,0
2025-12-09T13:59:17+00:00,func_235,prophet,155,50,50,0,100.0,98.69889259338379,98.41275215148926,108.52711200714111,109.04374361038208,109.32540893554688,2,276.47827,229.5390625,0
2025-12-09T13:59:20+00:00,func_235,prophet,156,50,50,0,100.0,99.33509826660156,96.40085697174072,118.7680959701538,131.73114538192746,139.5113468170166,2,276.47827,229.5390625,0
2025-12-09T13:59:23+00:00,func_235,prophet,157,29,27,2,93.10344827586206,94.00341245863173,92.76151657104492,100.45404434204102,109.35738086700438,112.21909523010254,2,276.47827,229.5390625,0
2025-12-09T13:59:29+00:00,func_235,prophet,158,1,1,0,100.0,109.96127128601074,109.96127128601074,109.96127128601074,109.96127128601074,109.96127128601074,2,276.47827,229.5390625,0
2025-12-09T13:59:30+00:00,func_235,prophet,159,11,6,5,54.54545454545454,627.6674270629883,102.41091251373291,2467.1400785446167,3096.0183858871465,3253.2379627227783,3,276.47827,229.5390625,1
2025-12-09T13:59:45+00:00,func_235,prophet,160,50,40,10,80.0,124.97944831848145,96.2686538696289,110.92346906661987,759.9561548233025,1173.440933227539,2,218.161992,226.63671875,0
2025-12-09T14:00:14+00:00,func_235,prophet,161,12,12,0,100.0,102.68344481786092,102.6085615158081,108.69338512420654,110.83741664886475,111.3734245300293,2,214.955959,226.6484375,0
2025-12-09T14:00:15+00:00,func_235,prophet,162,40,40,0,100.0,99.9513328075409,98.97494316101074,109.75736379623412,114.38345909118652,115.68522453308105,2,218.161992,226.63671875,0
2025-12-09T14:00:17+00:00,func_235,prophet,163,16,16,0,100.0,101.86073184013367,100.8232831954956,113.27290534973145,114.83960151672363,115.23127555847168,2,218.161992,226.63671875,0
2025-12-09T14:00:18+00:00,func_235,prophet,164,39,39,0,100.0,108.16291051033215,106.51326179504395,117.88566112518312,123.33963871002197,123.5966682434082,2,218.161992,226.63671875,0
2025-12-09T14:00:20+00:00,func_235,prophet,165,26,26,0,100.0,116.80375612699069,113.94929885864258,139.3800973892212,149.333655834198,152.571439743042,2,218.161992,226.63671875,0
2025-12-09T14:00:22+00:00,func_235,prophet,166,0,0,0,0.0,0.0,0.0,0.0,0.0,0.0,2,214.955959,226.6484375,0
2025-12-09T14:00:22+00:00,func_235,prophet,167,29,29,0,100.0,114.34720302450246,110.63981056213379,135.23120880126953,139.7188377380371,141.33262634277344,2,218.161992,226.63671875,0
2025-12-09T14:00:24+00:00,func_235,prophet,168,0,0,0,0.0,0.0,0.0,0.0,0.0,0.0,2,218.161992,226.63671875,0
2025-12-09T14:00:24+00:00,func_235,prophet,169,50,48,2,96.0,201.34122172991434,113.78097534179688,150.62614679336545,2187.944688796997,2224.1246700286865,2,218.161992,226.63671875,0
2025-12-09T14:00:34+00:00,func_235,prophet,170,37,37,0,100.0,144.67433980993323,109.80510711669922,167.65480041503906,761.3163757324223,1094.4006443023682,2,218.161992,226.63671875,0
2025-12-09T14:00:38+00:00,func_235,prophet,171,8,8,0,100.0,127.46560573577881,105.75282573699951,195.3428030014038,195.58406352996826,195.64437866210938,2,218.161992,226.63671875,0
2025-12-09T14:00:38+00:00,func_235,prophet,172,50,50,0,100.0,106.36651515960693,104.84564304351807,120.20200490951538,132.75418519973752,142.54307746887207,2,218.161992,226.63671875,0
2025-12-09T14:00:41+00:00,func_235,prophet,173,50,50,0,100.0,113.22866916656494,107.44047164916992,131.92492723464963,233.28436136245722,247.04670906066895,2,214.955959,226.6484375,0
2025-12-09T14:00:44+00:00,func_235,prophet,174,50,50,0,100.0,112.63776779174805,101.70483589172363,186.8087887763976,241.69389963150013,266.88361167907715,2,214.955959,226.6484375,0
2025-12-09T14:00:47+00:00,func_235,prophet,175,50,50,0,100.0,146.88751697540283,96.96877002716064,352.1265506744372,1115.3939771652222,1130.889892578125,2,85.063652,115.890625,0
2025-12-09T14:00:51+00:00,func_235,prophet,176,16,16,0,100.0,100.06263852119446,96.81499004364014,115.2418851852417,116.8100118637085,117.2020435333252,1,85.063652,115.890625,0
2025-12-09T14:00:52+00:00,func_235,prophet,177,50,50,0,100.0,126.42255306243896,101.60088539123535,150.18566846847528,695.8161163330059,1175.6556034088135,1,85.063652,115.890625,0
2025-12-09T14:00:56+00:00,func_235,prophet,178,46,46,0,100.0,100.77561502871306,98.76823425292969,117.4473762512207,127.19128131866451,134.61542129516602,1,123.03543300000001,116.0859375,0
2025-12-09T14:00:58+00:00,func_235,prophet,179,50,50,0,100.0,102.8573226928711,100.29661655426025,118.1386947631836,120.01106262207031,120.41854858398438,1,102.166774,116.07421875,0
2025-12-09T14:01:01+00:00,func_235,prophet,180,50,48,2,96.0,155.82792460918427,99.62570667266846,528.1550645828244,897.6036143302923,1141.9692039489746,1,102.166774,116.07421875,0
2025-12-09T14:01:10+00:00,func_235,prophet,181,42,41,1,97.61904761904762,100.69579612918017,99.9748706817627,107.59186744689941,127.33397483825685,132.74693489074707,1,123.03543300000001,116.0859375,0
2025-12-09T14:01:17+00:00,func_235,prophet,182,45,45,0,100.0,98.75208536783855,96.12178802490234,118.85886192321776,136.69054985046387,137.41302490234375,1,102.166774,116.07421875,0
2025-12-09T14:01:19+00:00,func_235,prophet,183,2,2,0,100.0,114.00175094604492,114.00175094604492,120.71499824523926,121.31173133850098,121.4609146118164,1,102.166774,116.07421875,0
2025-12-09T14:01:19+00:00,func_235,prophet,184,47,47,0,100.0,99.689559733614,98.30141067504883,115.1775598526001,122.2867202758789,123.63481521606445,1,102.166774,116.07421875,0
2025-12-09T14:01:22+00:00,func_235,prophet,185,19,19,0,100.0,98.46868013080798,97.06974029541016,113.9338970184326,120.25858879089355,121.83976173400879,1,123.03543300000001,116.0859375,0
2025-12-09T14:01:23+00:00,func_235,prophet,186,50,50,0,100.0,142.9787254333496,95.88730335235596,161.57027482986436,1139.8854517936707,1150.0446796417236,1,123.03543300000001,116.0859375,0
2025-12-09T14:01:27+00:00,func_235,prophet,187,18,17,1,94.44444444444444,97.73102928610409,96.62961959838867,108.82964134216309,110.46431541442871,110.87298393249512,1,102.166774,116.07421875,0
2025-12-09T14:01:32+00:00,func_235,prophet,188,50,43,7,86.0,103.4531925999841,99.64680671691895,123.67849349975585,176.18840694427482,194.26321983337402,1,102.166774,116.07421875,0
2025-12-09T14:01:53+00:00,func_235,prophet,189,21,15,6,71.42857142857143,101.24139785766602,99.42746162414551,119.00939941406249,127.85232543945311,130.06305694580078,2,150.82655699999998,116.6171875,1
2025-12-09T14:02:09+00:00,func_235,prophet,190,39,36,3,92.3076923076923,127.66873174243503,98.00589084625244,110.47971248626709,796.9906568527207,1164.076328277588,2,131.729261,116.6171875,0
2025-12-09T14:02:20+00:00,func_235,prophet,191,50,50,0,100.0,100.76679706573486,100.02923011779785,113.3513331413269,128.1037187576294,128.33666801452637,2,131.729261,116.6171875,0
2025-12-09T14:02:23+00:00,func_235,prophet,192,50,50,0,100.0,137.3937463760376,96.932053565979,113.64605426788327,1115.7977962493896,1131.0570240020752,2,150.82655699999998,116.6171875,0
2025-12-09T14:02:27+00:00,func_235,prophet,193,50,50,0,100.0,120.10858535766602,108.84344577789307,179.4001221656799,220.18167972564697,222.5053310394287,2,150.82655699999998,116.6171875,0
2025-12-09T14:02:30+00:00,func_235,prophet,194,39,37,2,94.87179487179486,112.7820143828521,101.17316246032715,111.54651641845699,399.20452117919945,557.0929050445557,2,131.729261,116.6171875,0
2025-12-09T14:02:37+00:00,func_235,prophet,195,9,9,0,100.0,98.54729970296223,97.96380996704102,104.21028137207031,104.88822937011719,105.0577163696289,2,131.729261,116.6171875,0
2025-12-09T14:02:38+00:00,func_235,prophet,196,0,0,0,0.0,0.0,0.0,0.0,0.0,0.0,2,150.82655699999998,116.6171875,0
2025-12-09T14:02:38+00:00,func_235,prophet,197,0,0,0,0.0,0.0,0.0,0.0,0.0,0.0,2,131.729261,116.6171875,0
2025-12-09T14:02:38+00:00,func_235,prophet,198,0,0,0,0.0,0.0,0.0,0.0,0.0,0.0,2,131.729261,116.6171875,0
2025-12-09T14:02:38+00:00,func_235,prophet,199,0,0,0,0.0,0.0,0.0,0.0,0.0,0.0,2,131.729261,116.6171875,0
2025-12-09T14:02:38+00:00,func_235,prophet,200,0,0,0,0.0,0.0,0.0,0.0,0.0,0.0,2,131.729261,116.6171875,0
